Seller_ID,Seller_Name,Location_ID,Rating,Total_Products
SELL_1,Seller_1,5001,2.9,467
SELL_2,Seller_2,5002,4.0,152
SELL_3,Seller_3,5003,2.8,332
SELL_4,Seller_4,5004,2.2,404
SELL_5,Seller_5,5005,3.9,133
SELL_6,Seller_6,5005,3.5,463
SELL_7,Seller_7,5001,2.8,217
SELL_8,Seller_8,5001,3.0,284
SELL_9,Seller_9,5006,4.1,395
SELL_10,Seller_10,5007,2.5,313
SELL_11,Seller_11,5002,2.8,60
SELL_12,Seller_12,5004,4.9,99
SELL_13,Seller_13,5006,2.5,274
SELL_14,Seller_14,5004,3.9,473
SELL_15,Seller_15,5007,2.5,125
SELL_16,Seller_16,5006,4.0,171
SELL_17,Seller_17,5004,4.7,437
SELL_18,Seller_18,5006,4.8,364
SELL_19,Seller_19,5001,2.7,294
SELL_20,Seller_20,5008,3.9,296
SELL_21,Seller_21,5002,3.4,161
SELL_22,Seller_22,5007,2.3,167
SELL_23,Seller_23,5001,4.7,352
SELL_24,Seller_24,5006,4.4,315
SELL_25,Seller_25,5001,3.8,97
SELL_26,Seller_26,5003,4.9,468
SELL_27,Seller_27,5006,3.5,346
SELL_28,Seller_28,5001,3.0,66
SELL_29,Seller_29,5006,2.3,127
SELL_30,Seller_30,5008,3.5,163
SELL_31,Seller_31,5006,2.9,272
SELL_32,Seller_32,5005,3.1,215
SELL_33,Seller_33,5007,4.9,462
SELL_34,Seller_34,5004,4.4,447
SELL_35,Seller_35,5003,3.0,456
SELL_36,Seller_36,5004,3.1,108
SELL_37,Seller_37,5005,2.6,166
SELL_38,Seller_38,5006,4.5,480
SELL_39,Seller_39,5005,4.0,242
SELL_40,Seller_40,5002,4.6,212
SELL_41,Seller_41,5004,3.1,339
SELL_42,Seller_42,5006,3.1,454
SELL_43,Seller_43,5002,4.9,498
SELL_44,Seller_44,5005,3.2,95
SELL_45,Seller_45,5008,4.9,128
SELL_46,Seller_46,5007,3.1,370
SELL_47,Seller_47,5008,4.1,323
SELL_48,Seller_48,5003,2.2,326
SELL_49,Seller_49,5003,3.2,55
SELL_50,Seller_50,5002,4.3,315
SELL_51,Seller_51,5005,2.2,107
SELL_52,Seller_52,5002,4.7,112
SELL_53,Seller_53,5007,3.2,273
SELL_54,Seller_54,5006,4.1,230
SELL_55,Seller_55,5008,4.5,131
SELL_56,Seller_56,5002,4.0,62
SELL_57,Seller_57,5001,2.3,377
SELL_58,Seller_58,5004,3.4,269
SELL_59,Seller_59,5003,2.7,284
SELL_60,Seller_60,5003,3.7,85
SELL_61,Seller_61,5007,3.4,90
SELL_62,Seller_62,5005,2.3,196
SELL_63,Seller_63,5001,2.5,490
SELL_64,Seller_64,5008,4.0,67
SELL_65,Seller_65,5008,4.6,201
SELL_66,Seller_66,5003,4.5,353
SELL_67,Seller_67,5001,4.3,486
SELL_68,Seller_68,5006,2.6,89
SELL_69,Seller_69,5003,3.0,139
SELL_70,Seller_70,5003,4.5,63
SELL_71,Seller_71,5007,4.3,270
SELL_72,Seller_72,5007,3.6,220
SELL_73,Seller_73,5003,3.7,475
SELL_74,Seller_74,5002,3.2,459
SELL_75,Seller_75,5008,2.9,370
SELL_76,Seller_76,5002,4.8,174
SELL_77,Seller_77,5007,3.2,431
SELL_78,Seller_78,5001,4.1,144
SELL_79,Seller_79,5005,4.9,235
SELL_80,Seller_80,5007,3.6,196
SELL_81,Seller_81,5001,4.3,408
SELL_82,Seller_82,5004,2.2,79
SELL_83,Seller_83,5002,3.3,221
SELL_84,Seller_84,5003,2.5,313
SELL_85,Seller_85,5004,3.4,421
SELL_86,Seller_86,5007,2.3,394
SELL_87,Seller_87,5007,4.7,281
SELL_88,Seller_88,5002,2.4,249
SELL_89,Seller_89,5002,2.0,425
SELL_90,Seller_90,5001,3.3,66
SELL_91,Seller_91,5003,3.8,363
SELL_92,Seller_92,5008,4.1,277
SELL_93,Seller_93,5003,5.0,57
SELL_94,Seller_94,5004,3.9,197
SELL_95,Seller_95,5001,2.6,235
SELL_96,Seller_96,5006,3.7,165
SELL_97,Seller_97,5003,2.4,156
SELL_98,Seller_98,5007,3.0,287
SELL_99,Seller_99,5007,4.7,389
SELL_100,Seller_100,5005,2.1,471
SELL_101,Seller_101,5003,3.2,480
SELL_102,Seller_102,5008,3.3,60
SELL_103,Seller_103,5006,4.1,202
SELL_104,Seller_104,5007,4.9,411
SELL_105,Seller_105,5005,2.9,177
SELL_106,Seller_106,5001,3.5,496
SELL_107,Seller_107,5001,2.2,106
SELL_108,Seller_108,5008,3.1,436
SELL_109,Seller_109,5007,4.7,447
SELL_110,Seller_110,5008,2.7,155
SELL_111,Seller_111,5008,2.8,140
SELL_112,Seller_112,5006,2.7,422
SELL_113,Seller_113,5002,2.0,206
SELL_114,Seller_114,5003,2.6,334
SELL_115,Seller_115,5007,4.4,365
SELL_116,Seller_116,5008,4.6,276
SELL_117,Seller_117,5006,2.9,436
SELL_118,Seller_118,5003,2.6,408
SELL_119,Seller_119,5005,2.0,389
SELL_120,Seller_120,5003,4.2,269
SELL_121,Seller_121,5007,4.9,300
SELL_122,Seller_122,5006,3.6,117
SELL_123,Seller_123,5008,2.3,52
SELL_124,Seller_124,5006,4.7,288
SELL_125,Seller_125,5003,4.0,356
SELL_126,Seller_126,5002,3.6,358
SELL_127,Seller_127,5002,4.8,426
SELL_128,Seller_128,5002,5.0,457
SELL_129,Seller_129,5005,3.4,176
SELL_130,Seller_130,5004,3.3,455
SELL_131,Seller_131,5008,2.1,262
SELL_132,Seller_132,5008,4.8,109
SELL_133,Seller_133,5005,2.3,53
SELL_134,Seller_134,5005,4.9,284
SELL_135,Seller_135,5008,3.9,363
SELL_136,Seller_136,5003,4.9,266
SELL_137,Seller_137,5008,2.5,362
SELL_138,Seller_138,5008,3.4,156
SELL_139,Seller_139,5008,4.0,274
SELL_140,Seller_140,5007,3.5,214
SELL_141,Seller_141,5006,4.0,363
SELL_142,Seller_142,5001,4.2,245
SELL_143,Seller_143,5001,2.7,456
SELL_144,Seller_144,5002,2.8,158
SELL_145,Seller_145,5003,2.5,60
SELL_146,Seller_146,5007,2.6,323
SELL_147,Seller_147,5001,2.7,490
SELL_148,Seller_148,5005,3.0,125
SELL_149,Seller_149,5004,3.9,448
SELL_150,Seller_150,5001,3.0,246
SELL_151,Seller_151,5003,4.5,162
SELL_152,Seller_152,5001,4.9,394
SELL_153,Seller_153,5002,3.9,179
SELL_154,Seller_154,5005,2.4,445
SELL_155,Seller_155,5007,3.6,395
SELL_156,Seller_156,5001,3.0,464
SELL_157,Seller_157,5001,3.9,134
SELL_158,Seller_158,5007,4.0,112
SELL_159,Seller_159,5006,3.4,135
SELL_160,Seller_160,5003,3.7,95
SELL_161,Seller_161,5001,3.7,88
SELL_162,Seller_162,5008,3.1,93
SELL_163,Seller_163,5006,3.9,271
SELL_164,Seller_164,5003,5.0,246
SELL_165,Seller_165,5006,3.1,63
SELL_166,Seller_166,5001,3.5,500
SELL_167,Seller_167,5006,2.2,128
SELL_168,Seller_168,5008,2.4,267
SELL_169,Seller_169,5006,4.4,300
SELL_170,Seller_170,5002,3.5,85
SELL_171,Seller_171,5003,4.8,180
SELL_172,Seller_172,5008,2.6,379
SELL_173,Seller_173,5004,2.6,149
SELL_174,Seller_174,5006,2.6,381
SELL_175,Seller_175,5005,2.8,113
SELL_176,Seller_176,5007,3.3,68
SELL_177,Seller_177,5005,4.1,248
SELL_178,Seller_178,5008,2.7,50
SELL_179,Seller_179,5007,2.6,359
SELL_180,Seller_180,5002,3.9,275
SELL_181,Seller_181,5002,5.0,284
SELL_182,Seller_182,5005,2.8,287
SELL_183,Seller_183,5003,2.8,252
SELL_184,Seller_184,5003,3.6,498
SELL_185,Seller_185,5008,3.1,367
SELL_186,Seller_186,5006,2.3,128
SELL_187,Seller_187,5002,3.9,496
SELL_188,Seller_188,5005,4.4,280
SELL_189,Seller_189,5003,4.1,324
SELL_190,Seller_190,5005,2.1,149
SELL_191,Seller_191,5004,2.7,450
SELL_192,Seller_192,5007,2.8,239
SELL_193,Seller_193,5008,4.4,132
SELL_194,Seller_194,5008,4.3,491
SELL_195,Seller_195,5008,3.4,286
SELL_196,Seller_196,5008,3.7,131
SELL_197,Seller_197,5006,3.6,322
SELL_198,Seller_198,5002,2.1,371
SELL_199,Seller_199,5007,3.6,104
SELL_200,Seller_200,5003,3.1,171
SELL_201,Seller_201,5008,3.7,78
SELL_202,Seller_202,5001,4.6,78
SELL_203,Seller_203,5001,3.4,132
SELL_204,Seller_204,5001,2.6,301
SELL_205,Seller_205,5007,4.2,493
SELL_206,Seller_206,5006,3.2,222
SELL_207,Seller_207,5007,2.1,208
SELL_208,Seller_208,5008,2.4,381
SELL_209,Seller_209,5007,2.1,346
SELL_210,Seller_210,5001,2.9,81
SELL_211,Seller_211,5007,3.0,209
SELL_212,Seller_212,5008,4.1,395
SELL_213,Seller_213,5007,4.2,113
SELL_214,Seller_214,5005,3.0,124
SELL_215,Seller_215,5008,4.6,284
SELL_216,Seller_216,5002,3.2,310
SELL_217,Seller_217,5005,4.7,285
SELL_218,Seller_218,5008,4.1,187
SELL_219,Seller_219,5007,2.9,155
SELL_220,Seller_220,5002,3.2,286
SELL_221,Seller_221,5003,2.3,191
SELL_222,Seller_222,5005,3.8,225
SELL_223,Seller_223,5002,3.9,290
SELL_224,Seller_224,5006,4.5,147
SELL_225,Seller_225,5007,2.4,486
SELL_226,Seller_226,5006,4.3,293
SELL_227,Seller_227,5006,4.6,434
SELL_228,Seller_228,5004,3.9,400
SELL_229,Seller_229,5008,3.5,389
SELL_230,Seller_230,5008,4.7,351
SELL_231,Seller_231,5007,4.7,117
SELL_232,Seller_232,5005,3.6,301
SELL_233,Seller_233,5004,2.5,343
SELL_234,Seller_234,5005,4.9,94
SELL_235,Seller_235,5003,2.2,93
SELL_236,Seller_236,5002,3.7,86
SELL_237,Seller_237,5004,4.7,403
SELL_238,Seller_238,5003,2.0,155
SELL_239,Seller_239,5006,3.9,411
SELL_240,Seller_240,5007,4.9,124
SELL_241,Seller_241,5004,2.1,145
SELL_242,Seller_242,5001,5.0,85
SELL_243,Seller_243,5006,2.1,147
SELL_244,Seller_244,5004,4.3,132
SELL_245,Seller_245,5003,4.9,251
SELL_246,Seller_246,5006,3.7,138
SELL_247,Seller_247,5006,4.8,134
SELL_248,Seller_248,5005,3.9,207
SELL_249,Seller_249,5002,4.8,86
SELL_250,Seller_250,5008,4.4,333
SELL_251,Seller_251,5007,4.4,394
SELL_252,Seller_252,5007,4.6,63
SELL_253,Seller_253,5004,2.9,132
SELL_254,Seller_254,5004,3.5,168
SELL_255,Seller_255,5006,2.5,400
SELL_256,Seller_256,5005,3.4,297
SELL_257,Seller_257,5001,4.2,337
SELL_258,Seller_258,5007,2.7,439
SELL_259,Seller_259,5003,2.6,67
SELL_260,Seller_260,5005,2.1,266
SELL_261,Seller_261,5004,3.7,62
SELL_262,Seller_262,5006,4.5,101
SELL_263,Seller_263,5001,2.4,366
SELL_264,Seller_264,5002,4.1,74
SELL_265,Seller_265,5006,3.1,361
SELL_266,Seller_266,5002,4.7,340
SELL_267,Seller_267,5005,2.7,172
SELL_268,Seller_268,5002,4.5,93
SELL_269,Seller_269,5006,3.7,140
SELL_270,Seller_270,5004,4.1,489
SELL_271,Seller_271,5001,3.8,233
SELL_272,Seller_272,5008,4.3,161
SELL_273,Seller_273,5001,3.3,179
SELL_274,Seller_274,5001,2.7,366
SELL_275,Seller_275,5008,3.1,63
SELL_276,Seller_276,5002,3.9,366
SELL_277,Seller_277,5008,4.4,105
SELL_278,Seller_278,5005,4.2,108
SELL_279,Seller_279,5002,3.8,277
SELL_280,Seller_280,5001,3.5,106
SELL_281,Seller_281,5006,4.0,304
SELL_282,Seller_282,5007,3.2,179
SELL_283,Seller_283,5001,3.7,140
SELL_284,Seller_284,5007,2.6,445
SELL_285,Seller_285,5003,3.3,112
SELL_286,Seller_286,5007,2.2,395
SELL_287,Seller_287,5001,4.2,132
SELL_288,Seller_288,5005,2.6,324
SELL_289,Seller_289,5001,2.8,420
SELL_290,Seller_290,5008,2.6,54
SELL_291,Seller_291,5001,3.2,385
SELL_292,Seller_292,5004,3.5,349
SELL_293,Seller_293,5008,4.9,157
SELL_294,Seller_294,5003,3.9,76
SELL_295,Seller_295,5003,3.9,475
SELL_296,Seller_296,5008,3.6,114
SELL_297,Seller_297,5006,4.3,133
SELL_298,Seller_298,5004,2.6,481
SELL_299,Seller_299,5001,3.9,266
SELL_300,Seller_300,5008,3.5,58
SELL_301,Seller_301,5007,2.4,169
SELL_302,Seller_302,5006,2.5,295
SELL_303,Seller_303,5006,2.3,236
SELL_304,Seller_304,5004,2.2,432
SELL_305,Seller_305,5003,3.0,320
SELL_306,Seller_306,5006,3.3,464
SELL_307,Seller_307,5008,2.6,80
SELL_308,Seller_308,5008,4.0,272
SELL_309,Seller_309,5008,3.5,425
SELL_310,Seller_310,5004,3.9,402
SELL_311,Seller_311,5006,3.0,152
SELL_312,Seller_312,5004,2.8,359
SELL_313,Seller_313,5008,3.6,221
SELL_314,Seller_314,5003,4.4,289
SELL_315,Seller_315,5001,2.2,119
SELL_316,Seller_316,5007,2.9,260
SELL_317,Seller_317,5007,3.2,439
SELL_318,Seller_318,5008,3.3,256
SELL_319,Seller_319,5004,2.6,101
SELL_320,Seller_320,5004,4.3,305
SELL_321,Seller_321,5006,3.7,289
SELL_322,Seller_322,5005,3.8,140
SELL_323,Seller_323,5004,3.5,166
SELL_324,Seller_324,5004,3.5,470
SELL_325,Seller_325,5008,3.4,81
SELL_326,Seller_326,5002,2.5,115
SELL_327,Seller_327,5004,4.9,236
SELL_328,Seller_328,5001,4.3,420
SELL_329,Seller_329,5001,3.1,351
SELL_330,Seller_330,5006,2.7,469
SELL_331,Seller_331,5005,2.4,321
SELL_332,Seller_332,5001,4.6,289
SELL_333,Seller_333,5001,4.1,451
SELL_334,Seller_334,5008,2.2,167
SELL_335,Seller_335,5006,4.9,244
SELL_336,Seller_336,5007,4.2,111
SELL_337,Seller_337,5007,3.6,267
SELL_338,Seller_338,5005,3.7,111
SELL_339,Seller_339,5007,4.3,283
SELL_340,Seller_340,5002,2.7,103
SELL_341,Seller_341,5002,3.1,56
SELL_342,Seller_342,5007,3.1,281
SELL_343,Seller_343,5005,3.1,77
SELL_344,Seller_344,5006,2.6,123
SELL_345,Seller_345,5005,4.7,166
SELL_346,Seller_346,5006,2.7,170
SELL_347,Seller_347,5007,2.6,308
SELL_348,Seller_348,5003,2.6,414
SELL_349,Seller_349,5001,4.7,104
SELL_350,Seller_350,5006,4.5,399
SELL_351,Seller_351,5004,4.3,289
SELL_352,Seller_352,5001,2.8,61
SELL_353,Seller_353,5005,3.3,445
SELL_354,Seller_354,5001,2.8,388
SELL_355,Seller_355,5008,4.3,279
SELL_356,Seller_356,5003,4.4,144
SELL_357,Seller_357,5005,2.5,407
SELL_358,Seller_358,5005,4.5,414
SELL_359,Seller_359,5006,3.1,371
SELL_360,Seller_360,5006,4.8,52
SELL_361,Seller_361,5006,3.8,494
SELL_362,Seller_362,5005,2.5,498
SELL_363,Seller_363,5003,4.4,426
SELL_364,Seller_364,5002,2.1,467
SELL_365,Seller_365,5001,4.1,60
SELL_366,Seller_366,5006,5.0,91
SELL_367,Seller_367,5003,3.4,151
SELL_368,Seller_368,5004,3.8,403
SELL_369,Seller_369,5008,3.1,422
SELL_370,Seller_370,5001,3.0,216
SELL_371,Seller_371,5006,3.7,401
SELL_372,Seller_372,5003,4.4,369
SELL_373,Seller_373,5005,4.1,428
SELL_374,Seller_374,5005,3.7,128
SELL_375,Seller_375,5005,2.0,393
SELL_376,Seller_376,5008,3.4,430
SELL_377,Seller_377,5003,4.9,142
SELL_378,Seller_378,5008,4.5,294
SELL_379,Seller_379,5006,4.5,318
SELL_380,Seller_380,5003,3.2,181
SELL_381,Seller_381,5001,4.3,113
SELL_382,Seller_382,5004,3.7,453
SELL_383,Seller_383,5004,5.0,352
SELL_384,Seller_384,5005,2.6,282
SELL_385,Seller_385,5004,3.9,377
SELL_386,Seller_386,5008,3.2,269
SELL_387,Seller_387,5008,2.5,113
SELL_388,Seller_388,5006,2.7,373
SELL_389,Seller_389,5006,2.2,453
SELL_390,Seller_390,5004,4.8,286
SELL_391,Seller_391,5008,4.5,376
SELL_392,Seller_392,5006,4.5,376
SELL_393,Seller_393,5007,3.3,85
SELL_394,Seller_394,5001,2.9,299
SELL_395,Seller_395,5008,4.2,228
SELL_396,Seller_396,5006,4.7,344
SELL_397,Seller_397,5003,3.2,160
SELL_398,Seller_398,5008,4.3,124
SELL_399,Seller_399,5001,4.8,414
SELL_400,Seller_400,5006,4.2,409
SELL_401,Seller_401,5007,2.9,140
SELL_402,Seller_402,5004,2.9,226
SELL_403,Seller_403,5003,3.1,419
SELL_404,Seller_404,5003,2.9,71
SELL_405,Seller_405,5002,2.5,132
SELL_406,Seller_406,5004,3.5,308
SELL_407,Seller_407,5005,3.3,351
SELL_408,Seller_408,5004,3.7,361
SELL_409,Seller_409,5006,4.6,304
SELL_410,Seller_410,5002,3.7,133
SELL_411,Seller_411,5007,3.9,185
SELL_412,Seller_412,5006,4.5,62
SELL_413,Seller_413,5001,4.2,210
SELL_414,Seller_414,5006,4.6,58
SELL_415,Seller_415,5005,4.1,306
SELL_416,Seller_416,5001,2.5,293
SELL_417,Seller_417,5004,3.8,372
SELL_418,Seller_418,5003,2.7,441
SELL_419,Seller_419,5004,4.0,98
SELL_420,Seller_420,5006,3.2,455
SELL_421,Seller_421,5008,2.3,488
SELL_422,Seller_422,5008,3.9,157
SELL_423,Seller_423,5008,3.3,171
SELL_424,Seller_424,5008,4.3,271
SELL_425,Seller_425,5007,2.5,380
SELL_426,Seller_426,5005,3.9,344
SELL_427,Seller_427,5003,2.3,105
SELL_428,Seller_428,5006,4.5,161
SELL_429,Seller_429,5001,2.2,199
SELL_430,Seller_430,5001,2.2,71
SELL_431,Seller_431,5001,3.9,199
SELL_432,Seller_432,5007,2.4,73
SELL_433,Seller_433,5005,4.9,234
SELL_434,Seller_434,5001,3.7,233
SELL_435,Seller_435,5002,2.2,454
SELL_436,Seller_436,5003,2.3,216
SELL_437,Seller_437,5004,3.4,492
SELL_438,Seller_438,5006,2.1,253
SELL_439,Seller_439,5007,2.2,375
SELL_440,Seller_440,5007,2.3,168
SELL_441,Seller_441,5008,2.2,297
SELL_442,Seller_442,5008,2.2,301
SELL_443,Seller_443,5004,4.7,216
SELL_444,Seller_444,5005,3.4,387
SELL_445,Seller_445,5006,3.0,128
SELL_446,Seller_446,5006,4.0,159
SELL_447,Seller_447,5003,2.5,77
SELL_448,Seller_448,5002,2.9,486
SELL_449,Seller_449,5002,3.4,472
SELL_450,Seller_450,5007,3.3,164
SELL_451,Seller_451,5004,3.2,403
SELL_452,Seller_452,5004,2.4,454
SELL_453,Seller_453,5007,2.6,295
SELL_454,Seller_454,5007,3.2,70
SELL_455,Seller_455,5007,2.0,349
SELL_456,Seller_456,5005,2.6,223
SELL_457,Seller_457,5003,4.2,329
SELL_458,Seller_458,5007,4.4,357
SELL_459,Seller_459,5002,3.4,461
SELL_460,Seller_460,5006,4.5,139
SELL_461,Seller_461,5005,2.3,184
SELL_462,Seller_462,5003,4.4,356
SELL_463,Seller_463,5001,4.6,345
SELL_464,Seller_464,5003,4.9,232
SELL_465,Seller_465,5001,2.8,403
SELL_466,Seller_466,5005,4.8,102
SELL_467,Seller_467,5004,2.2,103
SELL_468,Seller_468,5004,4.1,233
SELL_469,Seller_469,5007,2.1,474
SELL_470,Seller_470,5005,2.6,181
SELL_471,Seller_471,5001,3.3,214
SELL_472,Seller_472,5004,3.9,81
SELL_473,Seller_473,5005,4.6,396
SELL_474,Seller_474,5004,2.8,366
SELL_475,Seller_475,5007,4.3,252
SELL_476,Seller_476,5007,2.8,334
SELL_477,Seller_477,5003,4.3,402
SELL_478,Seller_478,5004,3.3,332
SELL_479,Seller_479,5002,2.0,303
SELL_480,Seller_480,5004,4.6,305
SELL_481,Seller_481,5001,4.4,114
SELL_482,Seller_482,5002,2.0,285
SELL_483,Seller_483,5004,3.7,103
SELL_484,Seller_484,5003,4.8,268
SELL_485,Seller_485,5008,3.0,474
SELL_486,Seller_486,5008,3.6,375
SELL_487,Seller_487,5007,4.9,261
SELL_488,Seller_488,5006,2.3,187
SELL_489,Seller_489,5003,2.6,498
SELL_490,Seller_490,5003,3.5,310
SELL_491,Seller_491,5003,4.0,226
SELL_492,Seller_492,5005,2.6,222
SELL_493,Seller_493,5001,2.5,363
SELL_494,Seller_494,5003,4.4,311
SELL_495,Seller_495,5001,3.6,205
SELL_496,Seller_496,5006,3.4,152
SELL_497,Seller_497,5002,2.8,156
SELL_498,Seller_498,5006,2.5,493
SELL_499,Seller_499,5008,3.0,164
SELL_500,Seller_500,5002,3.5,102
SELL_501,Seller_501,5008,2.4,70
SELL_502,Seller_502,5004,3.5,135
SELL_503,Seller_503,5008,2.4,153
SELL_504,Seller_504,5004,3.8,302
SELL_505,Seller_505,5004,3.2,117
SELL_506,Seller_506,5004,3.8,456
SELL_507,Seller_507,5004,4.2,81
SELL_508,Seller_508,5007,3.2,161
SELL_509,Seller_509,5002,3.7,277
SELL_510,Seller_510,5001,3.3,447
SELL_511,Seller_511,5007,4.9,326
SELL_512,Seller_512,5003,3.7,337
SELL_513,Seller_513,5001,3.3,480
SELL_514,Seller_514,5001,2.3,488
SELL_515,Seller_515,5003,4.1,449
SELL_516,Seller_516,5004,2.4,242
SELL_517,Seller_517,5005,3.6,143
SELL_518,Seller_518,5007,2.7,346
SELL_519,Seller_519,5001,3.5,363
SELL_520,Seller_520,5007,3.1,389
SELL_521,Seller_521,5001,3.9,216
SELL_522,Seller_522,5007,2.9,92
SELL_523,Seller_523,5006,4.1,497
SELL_524,Seller_524,5005,3.8,165
SELL_525,Seller_525,5004,4.4,130
SELL_526,Seller_526,5004,2.4,207
SELL_527,Seller_527,5005,3.8,295
SELL_528,Seller_528,5008,3.1,440
SELL_529,Seller_529,5004,2.2,473
SELL_530,Seller_530,5007,4.5,121
SELL_531,Seller_531,5002,2.6,145
SELL_532,Seller_532,5002,4.6,450
SELL_533,Seller_533,5002,4.9,179
SELL_534,Seller_534,5002,4.1,226
SELL_535,Seller_535,5007,4.9,402
SELL_536,Seller_536,5001,4.6,234
SELL_537,Seller_537,5006,4.1,239
SELL_538,Seller_538,5008,2.2,353
SELL_539,Seller_539,5001,4.0,458
SELL_540,Seller_540,5004,4.3,243
SELL_541,Seller_541,5007,2.5,333
SELL_542,Seller_542,5001,2.7,66
SELL_543,Seller_543,5007,2.3,64
SELL_544,Seller_544,5006,3.3,372
SELL_545,Seller_545,5008,2.2,365
SELL_546,Seller_546,5003,3.8,86
SELL_547,Seller_547,5006,3.7,151
SELL_548,Seller_548,5005,2.2,116
SELL_549,Seller_549,5002,3.9,409
SELL_550,Seller_550,5004,3.0,225
SELL_551,Seller_551,5008,2.3,484
SELL_552,Seller_552,5003,2.4,279
SELL_553,Seller_553,5003,2.8,274
SELL_554,Seller_554,5006,4.2,52
SELL_555,Seller_555,5003,4.2,89
SELL_556,Seller_556,5006,3.3,197
SELL_557,Seller_557,5001,2.7,477
SELL_558,Seller_558,5008,2.0,239
SELL_559,Seller_559,5002,4.5,178
SELL_560,Seller_560,5001,3.1,198
SELL_561,Seller_561,5001,4.8,342
SELL_562,Seller_562,5002,2.6,352
SELL_563,Seller_563,5008,4.5,179
SELL_564,Seller_564,5005,2.4,273
SELL_565,Seller_565,5008,2.7,149
SELL_566,Seller_566,5007,2.9,287
SELL_567,Seller_567,5008,2.4,193
SELL_568,Seller_568,5003,3.7,172
SELL_569,Seller_569,5004,4.8,180
SELL_570,Seller_570,5004,3.1,404
SELL_571,Seller_571,5004,4.2,286
SELL_572,Seller_572,5004,3.5,149
SELL_573,Seller_573,5005,2.2,191
SELL_574,Seller_574,5007,3.3,431
SELL_575,Seller_575,5006,2.7,434
SELL_576,Seller_576,5007,3.2,161
SELL_577,Seller_577,5003,2.8,267
SELL_578,Seller_578,5006,2.4,493
SELL_579,Seller_579,5008,4.7,162
SELL_580,Seller_580,5006,3.0,248
SELL_581,Seller_581,5006,3.1,455
SELL_582,Seller_582,5003,4.7,115
SELL_583,Seller_583,5007,3.4,176
SELL_584,Seller_584,5002,3.5,185
SELL_585,Seller_585,5007,4.1,425
SELL_586,Seller_586,5004,3.4,130
SELL_587,Seller_587,5008,4.4,482
SELL_588,Seller_588,5004,2.6,274
SELL_589,Seller_589,5005,3.2,355
SELL_590,Seller_590,5003,3.7,294
SELL_591,Seller_591,5007,3.4,344
SELL_592,Seller_592,5003,2.1,268
SELL_593,Seller_593,5008,4.6,80
SELL_594,Seller_594,5006,2.4,454
SELL_595,Seller_595,5008,2.7,328
SELL_596,Seller_596,5007,4.9,426
SELL_597,Seller_597,5001,3.5,212
SELL_598,Seller_598,5002,2.6,148
SELL_599,Seller_599,5005,2.9,257
SELL_600,Seller_600,5005,2.3,458
SELL_601,Seller_601,5002,4.8,370
SELL_602,Seller_602,5003,2.6,83
SELL_603,Seller_603,5004,2.7,163
SELL_604,Seller_604,5004,4.5,169
SELL_605,Seller_605,5007,4.4,498
SELL_606,Seller_606,5007,2.2,156
SELL_607,Seller_607,5004,2.4,349
SELL_608,Seller_608,5008,4.8,310
SELL_609,Seller_609,5003,4.2,194
SELL_610,Seller_610,5008,3.4,321
SELL_611,Seller_611,5008,4.9,496
SELL_612,Seller_612,5002,2.6,358
SELL_613,Seller_613,5001,2.1,83
SELL_614,Seller_614,5007,3.6,493
SELL_615,Seller_615,5006,3.6,405
SELL_616,Seller_616,5004,3.6,279
SELL_617,Seller_617,5001,4.9,222
SELL_618,Seller_618,5002,3.3,73
SELL_619,Seller_619,5006,4.7,234
SELL_620,Seller_620,5001,2.7,128
SELL_621,Seller_621,5005,2.0,179
SELL_622,Seller_622,5008,2.5,440
SELL_623,Seller_623,5002,2.7,272
SELL_624,Seller_624,5005,4.0,360
SELL_625,Seller_625,5008,4.1,248
SELL_626,Seller_626,5002,3.6,316
SELL_627,Seller_627,5004,2.4,245
SELL_628,Seller_628,5003,4.3,228
SELL_629,Seller_629,5003,4.2,170
SELL_630,Seller_630,5007,2.2,315
SELL_631,Seller_631,5006,4.6,434
SELL_632,Seller_632,5006,3.7,127
SELL_633,Seller_633,5005,2.7,376
SELL_634,Seller_634,5004,4.0,267
SELL_635,Seller_635,5005,4.0,471
SELL_636,Seller_636,5003,3.9,321
SELL_637,Seller_637,5002,2.5,54
SELL_638,Seller_638,5005,2.1,462
SELL_639,Seller_639,5007,3.1,384
SELL_640,Seller_640,5006,3.4,308
SELL_641,Seller_641,5002,3.4,289
SELL_642,Seller_642,5001,2.5,209
SELL_643,Seller_643,5005,3.3,99
SELL_644,Seller_644,5007,3.7,492
SELL_645,Seller_645,5007,3.3,98
SELL_646,Seller_646,5002,3.3,337
SELL_647,Seller_647,5006,3.1,383
SELL_648,Seller_648,5005,3.2,199
SELL_649,Seller_649,5001,4.4,237
SELL_650,Seller_650,5008,3.5,81
SELL_651,Seller_651,5007,4.2,80
SELL_652,Seller_652,5006,2.2,350
SELL_653,Seller_653,5005,2.9,138
SELL_654,Seller_654,5002,4.6,263
SELL_655,Seller_655,5001,2.9,468
SELL_656,Seller_656,5005,3.0,257
SELL_657,Seller_657,5005,4.5,260
SELL_658,Seller_658,5008,3.1,197
SELL_659,Seller_659,5001,2.6,227
SELL_660,Seller_660,5002,3.6,388
SELL_661,Seller_661,5008,2.2,375
SELL_662,Seller_662,5004,2.5,152
SELL_663,Seller_663,5005,2.5,113
SELL_664,Seller_664,5001,3.4,258
SELL_665,Seller_665,5005,3.1,67
SELL_666,Seller_666,5001,2.2,478
SELL_667,Seller_667,5005,2.9,159
SELL_668,Seller_668,5005,2.9,286
SELL_669,Seller_669,5004,3.8,312
SELL_670,Seller_670,5005,3.9,258
SELL_671,Seller_671,5003,3.6,350
SELL_672,Seller_672,5003,4.4,363
SELL_673,Seller_673,5003,3.0,86
SELL_674,Seller_674,5007,3.7,208
SELL_675,Seller_675,5008,4.7,464
SELL_676,Seller_676,5002,2.8,457
SELL_677,Seller_677,5003,4.8,339
SELL_678,Seller_678,5004,4.7,296
SELL_679,Seller_679,5007,2.1,226
SELL_680,Seller_680,5008,2.2,190
SELL_681,Seller_681,5001,4.9,198
SELL_682,Seller_682,5005,4.6,342
SELL_683,Seller_683,5006,3.2,359
SELL_684,Seller_684,5007,4.7,149
SELL_685,Seller_685,5003,4.6,314
SELL_686,Seller_686,5006,3.7,343
SELL_687,Seller_687,5008,4.8,255
SELL_688,Seller_688,5003,4.2,55
SELL_689,Seller_689,5004,2.0,353
SELL_690,Seller_690,5002,3.7,402
SELL_691,Seller_691,5003,4.0,323
SELL_692,Seller_692,5005,4.3,240
SELL_693,Seller_693,5005,4.4,335
SELL_694,Seller_694,5001,4.7,119
SELL_695,Seller_695,5008,4.5,453
SELL_696,Seller_696,5003,2.3,481
SELL_697,Seller_697,5002,3.4,135
SELL_698,Seller_698,5007,2.7,232
SELL_699,Seller_699,5006,4.7,227
SELL_700,Seller_700,5005,2.3,341
SELL_701,Seller_701,5004,3.7,169
SELL_702,Seller_702,5003,3.9,460
SELL_703,Seller_703,5005,4.1,253
SELL_704,Seller_704,5007,2.8,409
SELL_705,Seller_705,5005,3.0,360
SELL_706,Seller_706,5002,3.7,336
SELL_707,Seller_707,5006,3.0,226
SELL_708,Seller_708,5005,4.2,164
SELL_709,Seller_709,5007,3.4,371
SELL_710,Seller_710,5007,4.6,303
SELL_711,Seller_711,5008,3.9,84
SELL_712,Seller_712,5003,3.8,78
SELL_713,Seller_713,5005,3.8,217
SELL_714,Seller_714,5005,3.7,335
SELL_715,Seller_715,5008,2.7,368
SELL_716,Seller_716,5007,4.9,144
SELL_717,Seller_717,5008,3.1,373
SELL_718,Seller_718,5004,3.5,100
SELL_719,Seller_719,5002,3.8,455
SELL_720,Seller_720,5007,4.6,307
SELL_721,Seller_721,5002,3.7,183
SELL_722,Seller_722,5003,3.6,126
SELL_723,Seller_723,5005,4.5,351
SELL_724,Seller_724,5001,3.0,373
SELL_725,Seller_725,5006,3.5,330
SELL_726,Seller_726,5007,3.4,221
SELL_727,Seller_727,5007,2.6,404
SELL_728,Seller_728,5003,3.9,428
SELL_729,Seller_729,5002,3.7,112
SELL_730,Seller_730,5008,2.8,108
SELL_731,Seller_731,5005,3.0,105
SELL_732,Seller_732,5004,2.3,400
SELL_733,Seller_733,5003,4.2,319
SELL_734,Seller_734,5007,4.7,316
SELL_735,Seller_735,5007,4.7,458
SELL_736,Seller_736,5003,4.8,375
SELL_737,Seller_737,5001,3.6,258
SELL_738,Seller_738,5001,3.0,484
SELL_739,Seller_739,5008,4.7,145
SELL_740,Seller_740,5008,2.1,213
SELL_741,Seller_741,5006,3.2,257
SELL_742,Seller_742,5001,3.5,375
SELL_743,Seller_743,5005,3.0,434
SELL_744,Seller_744,5004,3.3,435
SELL_745,Seller_745,5003,4.5,347
SELL_746,Seller_746,5005,4.2,72
SELL_747,Seller_747,5001,3.0,115
SELL_748,Seller_748,5006,2.8,157
SELL_749,Seller_749,5003,4.3,87
SELL_750,Seller_750,5005,4.0,116
SELL_751,Seller_751,5001,2.0,139
SELL_752,Seller_752,5006,2.2,382
SELL_753,Seller_753,5001,2.9,231
SELL_754,Seller_754,5007,2.2,381
SELL_755,Seller_755,5008,3.2,140
SELL_756,Seller_756,5002,4.5,59
SELL_757,Seller_757,5002,4.1,386
SELL_758,Seller_758,5005,3.2,68
SELL_759,Seller_759,5006,4.3,127
SELL_760,Seller_760,5001,2.6,427
SELL_761,Seller_761,5004,2.4,471
SELL_762,Seller_762,5004,3.6,463
SELL_763,Seller_763,5003,4.5,483
SELL_764,Seller_764,5004,2.3,287
SELL_765,Seller_765,5006,3.2,500
SELL_766,Seller_766,5002,3.8,254
SELL_767,Seller_767,5002,4.0,499
SELL_768,Seller_768,5001,4.8,442
SELL_769,Seller_769,5008,2.5,349
SELL_770,Seller_770,5006,4.7,187
SELL_771,Seller_771,5005,4.5,290
SELL_772,Seller_772,5007,3.1,191
SELL_773,Seller_773,5001,2.7,444
SELL_774,Seller_774,5006,3.5,167
SELL_775,Seller_775,5003,4.9,364
SELL_776,Seller_776,5005,3.6,131
SELL_777,Seller_777,5002,3.5,431
SELL_778,Seller_778,5004,4.2,168
SELL_779,Seller_779,5003,3.8,149
SELL_780,Seller_780,5002,2.7,249
SELL_781,Seller_781,5008,4.3,421
SELL_782,Seller_782,5008,4.0,404
SELL_783,Seller_783,5005,2.4,136
SELL_784,Seller_784,5003,3.8,428
SELL_785,Seller_785,5006,4.0,173
SELL_786,Seller_786,5008,2.4,215
SELL_787,Seller_787,5006,4.7,417
SELL_788,Seller_788,5005,4.2,455
SELL_789,Seller_789,5003,3.4,321
SELL_790,Seller_790,5003,3.1,228
SELL_791,Seller_791,5002,4.5,191
SELL_792,Seller_792,5002,2.4,484
SELL_793,Seller_793,5008,4.2,423
SELL_794,Seller_794,5006,2.5,61
SELL_795,Seller_795,5007,4.1,265
SELL_796,Seller_796,5007,2.1,312
SELL_797,Seller_797,5002,4.5,209
SELL_798,Seller_798,5005,4.6,496
SELL_799,Seller_799,5001,3.4,324
SELL_800,Seller_800,5003,3.2,163
SELL_801,Seller_801,5008,4.1,407
SELL_802,Seller_802,5003,2.0,70
SELL_803,Seller_803,5007,4.9,60
SELL_804,Seller_804,5002,2.2,379
SELL_805,Seller_805,5007,4.6,96
SELL_806,Seller_806,5006,4.5,125
SELL_807,Seller_807,5006,3.8,221
SELL_808,Seller_808,5008,2.5,88
SELL_809,Seller_809,5008,4.7,179
SELL_810,Seller_810,5002,4.4,347
SELL_811,Seller_811,5001,2.5,252
SELL_812,Seller_812,5008,3.8,98
SELL_813,Seller_813,5003,3.4,474
SELL_814,Seller_814,5005,2.3,184
SELL_815,Seller_815,5004,4.7,281
SELL_816,Seller_816,5005,2.1,451
SELL_817,Seller_817,5004,2.3,145
SELL_818,Seller_818,5002,2.7,482
SELL_819,Seller_819,5003,2.5,235
SELL_820,Seller_820,5006,3.3,295
SELL_821,Seller_821,5003,4.4,153
SELL_822,Seller_822,5001,3.1,395
SELL_823,Seller_823,5008,4.4,147
SELL_824,Seller_824,5007,4.7,319
SELL_825,Seller_825,5003,2.8,434
SELL_826,Seller_826,5004,4.9,305
SELL_827,Seller_827,5004,2.8,207
SELL_828,Seller_828,5008,2.5,390
SELL_829,Seller_829,5006,4.2,179
SELL_830,Seller_830,5003,4.2,375
SELL_831,Seller_831,5006,2.2,467
SELL_832,Seller_832,5003,3.8,129
SELL_833,Seller_833,5007,4.2,481
SELL_834,Seller_834,5006,3.5,184
SELL_835,Seller_835,5006,2.0,283
SELL_836,Seller_836,5003,3.3,451
SELL_837,Seller_837,5006,2.4,254
SELL_838,Seller_838,5007,4.7,348
SELL_839,Seller_839,5003,2.4,330
SELL_840,Seller_840,5006,4.8,317
SELL_841,Seller_841,5006,3.4,143
SELL_842,Seller_842,5003,3.2,74
SELL_843,Seller_843,5005,3.7,229
SELL_844,Seller_844,5002,2.2,419
SELL_845,Seller_845,5001,4.2,101
SELL_846,Seller_846,5003,3.2,450
SELL_847,Seller_847,5008,3.1,326
SELL_848,Seller_848,5007,4.6,67
SELL_849,Seller_849,5003,4.9,313
SELL_850,Seller_850,5003,4.4,183
SELL_851,Seller_851,5001,3.0,194
SELL_852,Seller_852,5008,4.3,111
SELL_853,Seller_853,5007,2.1,454
SELL_854,Seller_854,5004,3.8,293
SELL_855,Seller_855,5007,4.2,479
SELL_856,Seller_856,5006,4.1,56
SELL_857,Seller_857,5006,4.2,307
SELL_858,Seller_858,5004,4.1,494
SELL_859,Seller_859,5001,2.1,442
SELL_860,Seller_860,5003,2.1,138
SELL_861,Seller_861,5006,4.3,462
SELL_862,Seller_862,5003,2.4,431
SELL_863,Seller_863,5005,2.4,392
SELL_864,Seller_864,5003,2.4,101
SELL_865,Seller_865,5005,4.2,126
SELL_866,Seller_866,5006,4.2,316
SELL_867,Seller_867,5007,4.3,187
SELL_868,Seller_868,5003,3.8,141
SELL_869,Seller_869,5008,2.2,68
SELL_870,Seller_870,5006,4.4,192
SELL_871,Seller_871,5003,3.7,486
SELL_872,Seller_872,5008,3.6,379
SELL_873,Seller_873,5002,3.9,88
SELL_874,Seller_874,5001,2.8,387
SELL_875,Seller_875,5008,2.7,98
SELL_876,Seller_876,5004,5.0,230
SELL_877,Seller_877,5001,2.9,85
SELL_878,Seller_878,5003,2.9,72
SELL_879,Seller_879,5003,2.9,475
SELL_880,Seller_880,5001,4.4,328
SELL_881,Seller_881,5007,2.8,473
SELL_882,Seller_882,5002,2.7,489
SELL_883,Seller_883,5005,4.9,221
SELL_884,Seller_884,5005,3.9,276
SELL_885,Seller_885,5007,3.9,407
SELL_886,Seller_886,5002,2.3,272
SELL_887,Seller_887,5008,3.5,110
SELL_888,Seller_888,5003,2.4,423
SELL_889,Seller_889,5008,4.9,477
SELL_890,Seller_890,5002,3.9,363
SELL_891,Seller_891,5006,2.2,51
SELL_892,Seller_892,5004,3.0,329
SELL_893,Seller_893,5003,4.2,205
SELL_894,Seller_894,5002,2.1,61
SELL_895,Seller_895,5008,2.3,309
SELL_896,Seller_896,5004,5.0,54
SELL_897,Seller_897,5004,2.3,323
SELL_898,Seller_898,5003,2.8,325
SELL_899,Seller_899,5006,3.9,112
SELL_900,Seller_900,5004,3.5,281
SELL_901,Seller_901,5006,3.0,201
SELL_902,Seller_902,5004,2.8,303
SELL_903,Seller_903,5008,4.8,98
SELL_904,Seller_904,5005,4.4,403
SELL_905,Seller_905,5004,3.3,353
SELL_906,Seller_906,5008,4.0,192
SELL_907,Seller_907,5004,4.5,182
SELL_908,Seller_908,5001,3.0,220
SELL_909,Seller_909,5004,3.8,277
SELL_910,Seller_910,5003,3.1,369
SELL_911,Seller_911,5007,3.8,249
SELL_912,Seller_912,5002,4.3,111
SELL_913,Seller_913,5006,4.1,464
SELL_914,Seller_914,5001,2.6,87
SELL_915,Seller_915,5001,2.1,285
SELL_916,Seller_916,5006,2.5,407
SELL_917,Seller_917,5002,2.6,392
SELL_918,Seller_918,5007,2.8,177
SELL_919,Seller_919,5004,3.2,287
SELL_920,Seller_920,5006,4.8,189
SELL_921,Seller_921,5005,2.8,488
SELL_922,Seller_922,5008,3.0,87
SELL_923,Seller_923,5003,2.5,490
SELL_924,Seller_924,5006,4.9,423
SELL_925,Seller_925,5006,2.0,441
SELL_926,Seller_926,5007,4.6,302
SELL_927,Seller_927,5004,3.6,417
SELL_928,Seller_928,5003,4.9,451
SELL_929,Seller_929,5005,4.0,280
SELL_930,Seller_930,5005,4.6,374
SELL_931,Seller_931,5003,4.1,116
SELL_932,Seller_932,5005,3.2,210
SELL_933,Seller_933,5001,4.0,347
SELL_934,Seller_934,5008,2.8,374
SELL_935,Seller_935,5005,4.0,453
SELL_936,Seller_936,5004,4.6,323
SELL_937,Seller_937,5003,4.3,286
SELL_938,Seller_938,5008,2.6,72
SELL_939,Seller_939,5007,3.9,106
SELL_940,Seller_940,5007,3.3,389
SELL_941,Seller_941,5001,4.4,228
SELL_942,Seller_942,5005,4.2,263
SELL_943,Seller_943,5006,4.9,473
SELL_944,Seller_944,5002,4.3,478
SELL_945,Seller_945,5005,4.0,256
SELL_946,Seller_946,5008,4.0,251
SELL_947,Seller_947,5005,4.5,172
SELL_948,Seller_948,5007,3.2,233
SELL_949,Seller_949,5008,3.7,378
SELL_950,Seller_950,5001,5.0,102
SELL_951,Seller_951,5008,3.7,378
SELL_952,Seller_952,5004,2.3,242
SELL_953,Seller_953,5004,4.1,75
SELL_954,Seller_954,5002,3.8,447
SELL_955,Seller_955,5002,3.8,475
SELL_956,Seller_956,5001,4.2,419
SELL_957,Seller_957,5008,4.4,215
SELL_958,Seller_958,5005,4.9,498
SELL_959,Seller_959,5006,4.1,396
SELL_960,Seller_960,5005,2.7,464
SELL_961,Seller_961,5003,4.6,261
SELL_962,Seller_962,5003,4.2,414
SELL_963,Seller_963,5003,2.1,491
SELL_964,Seller_964,5005,2.2,309
SELL_965,Seller_965,5005,4.7,144
SELL_966,Seller_966,5001,4.8,50
SELL_967,Seller_967,5003,4.8,193
SELL_968,Seller_968,5004,4.4,343
SELL_969,Seller_969,5002,3.5,70
SELL_970,Seller_970,5005,3.1,390
SELL_971,Seller_971,5002,2.5,317
SELL_972,Seller_972,5003,4.5,391
SELL_973,Seller_973,5003,4.3,263
SELL_974,Seller_974,5005,4.4,338
SELL_975,Seller_975,5002,2.4,282
SELL_976,Seller_976,5003,4.0,75
SELL_977,Seller_977,5002,4.6,114
SELL_978,Seller_978,5008,3.5,291
SELL_979,Seller_979,5004,3.8,455
SELL_980,Seller_980,5001,2.7,242
SELL_981,Seller_981,5006,4.5,383
SELL_982,Seller_982,5008,4.8,385
SELL_983,Seller_983,5007,2.1,352
SELL_984,Seller_984,5003,3.0,75
SELL_985,Seller_985,5004,3.6,85
SELL_986,Seller_986,5004,3.7,468
SELL_987,Seller_987,5004,4.9,174
SELL_988,Seller_988,5005,4.2,329
SELL_989,Seller_989,5006,2.4,57
SELL_990,Seller_990,5004,2.8,270
SELL_991,Seller_991,5002,4.3,490
SELL_992,Seller_992,5006,4.3,500
SELL_993,Seller_993,5008,3.8,241
SELL_994,Seller_994,5003,4.7,498
SELL_995,Seller_995,5001,2.2,432
SELL_996,Seller_996,5008,4.3,262
SELL_997,Seller_997,5004,4.2,442
SELL_998,Seller_998,5002,4.5,303
SELL_999,Seller_999,5005,2.5,170
SELL_1000,Seller_1000,5005,3.5,308
